{
	"info": {
		"_postman_id": "71634edc-ff18-448e-a7ef-9ea805dbcbf0",
		"name": "cloud-cdnd-c2-final",
		"schema": "https://schema.getpostman.com/json/collection/v2.1.0/collection.json",
		"_exporter_id": "11856884"
	},
	"item": [
		{
			"name": "http://localhost:8082/filteredimage?image_url=https://timedotcom.files.wordpress.com/2019/03/kitten-report.jpg",
			"request": {
				"method": "GET",
				"header": [],
				"url": {
					"raw": "http://{{HOST}}/filteredimage?image_url=https://media-cdn-v2.laodong.vn/storage/newsportal/2023/8/26/1233821/Giai-Nhat--Dem-Sai-G.jpg",
					"protocol": "http",
					"host": [
						"{{HOST}}"
					],
					"path": [
						"filteredimage"
					],
					"query": [
						{
							"key": "image_url",
							"value": "https://media-cdn-v2.laodong.vn/storage/newsportal/2023/8/26/1233821/Giai-Nhat--Dem-Sai-G.jpg"
						}
					]
				}
			},
			"response": []
		}
	],
	"event": [
		{
			"listen": "prerequest",
			"script": {
				"type": "text/javascript",
				"exec": [
					""
				]
			}
		},
		{
			"listen": "test",
			"script": {
				"type": "text/javascript",
				"exec": [
					""
				]
			}
		}
	],
	"variable": [
		{
			"key": "HOST",
			"value": "localhost:8082",
			"type": "string"
		}
	]
}